m_a_true,m_a,m_x_true,m_x
40.0,40.087040103342865,132.0,132.1891745337031
