m_a_true,m_a,m_a_err,m_x_true,m_x,m_x_err
40.0,40.087040103342865,4.2490104962043277e-05,132.0,132.1891745337031,0.00024890363949205005
