substance,fraction [%],err
ethanol,[5.01417997],[1.0547195]
propane,[23.93861045],[7.85884506]
butane,[40.32891767],[9.67270758]
isobutane,[30.7182919],[8.99700507]
