substance,fraction [%],err
H$_2$O,[72.37347404],[1.1546835]
CO$_2$,[23.81087362],[1.15649726]
N$_2$,[2.37763617],[0.18867633]
O$_2$,[1.43801617],[0.10838615]
