substance,fraction [%],err
N$_2$,[86.38922437],[2.28924651]
O$_2$,[13.61077563],[2.28924651]
