substance,fraction [%],err
Ar,[46.46766135],[2.52653621]
Xe,[32.46376664],[1.85925067]
Kr,[21.06857201],[1.54934627]
